Ref,URL
C001,https://erp.thinkh.at/document/share/13/4abf2f3a-5424-4a04-b3c2-a05f1fdcee1b
C002,https://erp.thinkh.at/document/share/14/830442ab-deda-4f98-b86d-c89a0e8d2086
C003,https://erp.thinkh.at/document/share/17/9cf9a84d-260c-42a3-9c4c-b209dcc471f6
C004,https://erp.thinkh.at/document/share/19/55d37b90-c8f9-4613-ab4a-d3c230eb6bc1
C005,https://erp.thinkh.at/document/share/20/e141fb0a-42eb-4aec-acce-4dfd4b9df3eb
C006,https://erp.thinkh.at/document/share/21/5928eaa9-dd21-48bc-8c36-de2bb08c04cb
C007,https://erp.thinkh.at/document/share/22/686569c8-ffa5-45c4-9b67-d10394a8beaa
C008,https://erp.thinkh.at/document/share/23/a4b670ee-e4e7-4745-8ee5-8047cb15ff70
C009,https://erp.thinkh.at/document/share/24/230eedd0-d2fc-4577-a817-0488a1bb178a
C010,https://erp.thinkh.at/document/share/25/fc85ef05-1272-4d71-8a2a-7d76650aa620
C011,https://erp.thinkh.at/document/share/26/cf72d7f7-943c-476b-9c5a-6d5c26fb2236
C012,https://erp.thinkh.at/document/share/27/ad1ab25a-0f79-4fbb-a9fb-bab9aa294d11
C013,https://erp.thinkh.at/document/share/28/c0726a86-f2ab-4328-9544-d0fe16ee4f55
C014,https://erp.thinkh.at/document/share/29/7151cdbf-f4c6-4126-9b57-f3d63b02ae04
C015,https://erp.thinkh.at/document/share/30/298294c1-44ee-4238-9756-50deca3558bc
C016,https://erp.thinkh.at/document/share/31/4514cf63-dc6e-4683-b6bc-e01fb9cd536f
C017,https://erp.thinkh.at/document/share/32/c7c53589-aa3a-4faf-8cc1-d06b7f29c14b
C018,https://erp.thinkh.at/document/share/33/8571e0be-f567-47e3-af25-a93ac6d6ffe6
C019,https://erp.thinkh.at/document/share/34/0907f3cf-dd74-47fe-9ea4-59b258fa2259
C020,https://erp.thinkh.at/document/share/35/c3c438f9-984e-4b5c-ae1f-853221ebee21
C021,https://erp.thinkh.at/document/share/36/5a01ab3d-af24-43a4-a439-5b74a5e8d4e5
C022,https://erp.thinkh.at/document/share/37/4bcd6dab-a414-4262-bc78-d09849baa48d
C023,https://erp.thinkh.at/document/share/38/7b9a6b0b-69de-4166-bfc1-80cf3767bff3
C024,https://erp.thinkh.at/document/share/39/662e9ae1-1bbc-439c-968a-68bfac07454d
C025,https://erp.thinkh.at/document/share/40/c92936fa-0651-4dca-9b89-5123da4b995b
C026,https://erp.thinkh.at/document/share/41/342b1985-88d0-41e8-bcf8-ce458c103c1d
C027,https://erp.thinkh.at/document/share/42/d578a94e-3149-42cb-9152-8a4cc6e74d4d
C028,https://erp.thinkh.at/document/share/43/62070e99-9f3d-439c-95d4-26ad21b30763
C029,https://erp.thinkh.at/document/share/44/90c01f57-0acf-4f86-a9df-579d041ce194
C030,https://erp.thinkh.at/document/share/45/02a28603-44e3-4c61-ae57-8addadf33bc8
C031,https://erp.thinkh.at/document/share/49/e1f6be90-5f07-4428-9756-2579ea2d20aa
C032,https://erp.thinkh.at/document/share/50/a78f8f62-35a4-4c2d-ae9d-a8d79be264e0
C033,https://erp.thinkh.at/document/share/51/f0e17956-a2f3-4212-836d-4e9fd49825a2
C034,https://erp.thinkh.at/document/share/52/5a014af5-3bb0-48d6-8c31-71ea508c768a
C035,https://erp.thinkh.at/document/share/53/31b7131b-5467-45ff-a15b-eb9f9e20719c
C036,https://erp.thinkh.at/document/share/54/971a349a-c3c7-491a-93d6-60ec5f310e01
C037,https://erp.thinkh.at/document/share/55/641148e0-e4f5-4658-961b-8b0fc01dbe3a
C038,https://erp.thinkh.at/document/share/56/38afcdfe-2b49-4b74-896a-4b6e50c669ca
C039,https://erp.thinkh.at/document/share/57/e70390e7-098f-46e1-a905-01d4728ddf1b
C040,https://erp.thinkh.at/document/share/58/7ddd6c80-b30d-4c50-b04a-c4bc86421cca
C041,https://erp.thinkh.at/document/share/59/1df7305f-fba0-4355-9ba9-269f7df4b500
C042,https://erp.thinkh.at/document/share/60/b65a7c0c-6b33-4c91-b368-e9cafb51469f
C043,https://erp.thinkh.at/document/share/61/ad7c88b3-7495-4436-b40e-15acefb3ddf1
C044,https://erp.thinkh.at/document/share/62/efee4ad3-9574-49bc-bac7-582ecf76edd7
C045,https://erp.thinkh.at/document/share/63/11704a2f-4033-482d-a4a5-2835233564c5
C046,https://erp.thinkh.at/document/share/64/c4dcce1f-f809-4403-8dc9-4b33bd03a201
C047,https://erp.thinkh.at/document/share/68/f8e645b6-80bc-46f8-bcc7-d58e453b40bc
C048,https://erp.thinkh.at/document/share/66/aa2272e7-56f8-44e7-b338-06b7181ebf41
C049,https://erp.thinkh.at/document/share/69/8c9f0591-001d-42d4-8547-bd34805a984e
C050,https://erp.thinkh.at/document/share/70/71611c77-a49b-4c3f-a2d6-63db14082e5d
C051,https://erp.thinkh.at/document/share/71/db8d8266-09d4-43fd-b339-e606857e8383
C052,https://erp.thinkh.at/document/share/72/095f4b0e-29c1-4ac4-b788-d4bdf105cbac
C053,https://erp.thinkh.at/document/share/74/2f0b1ec9-29cc-41c1-8e48-b0a185ab3bc5
C054,https://erp.thinkh.at/document/share/75/56a72365-fe72-4eca-af85-8152e99513d8
C056,https://erp.thinkh.at/document/share/77/995ec8a9-8ef3-4eb5-b05b-36a2614607d9
C057,https://erp.thinkh.at/document/share/78/ad42ffbe-08fd-4e01-b313-bc8bc6e431d1
C058,https://erp.thinkh.at/document/share/79/fd2f8df3-454b-45e0-86de-b1ffad1a2a05
C059,https://erp.thinkh.at/document/share/80/56d63508-ea54-45f1-b81d-2738b35641c2
C060,https://erp.thinkh.at/document/share/81/3a2cc13d-4ed1-46dc-abee-4931b8959ed1
C061,https://erp.thinkh.at/document/share/82/dc27fbac-61a8-4bbb-8dce-e58b40ebb9b5
C062,https://erp.thinkh.at/document/share/83/cd1042fa-c60c-45b1-b712-fed7ed4d2c63
C063,https://erp.thinkh.at/document/share/84/de12ecfa-ac1b-4fa4-ba98-6d7d847d87e4
C064,https://erp.thinkh.at/document/share/85/b47f2d60-bf9f-457e-a252-60eded513f48
C065,https://erp.thinkh.at/document/share/86/a70b147d-ffb0-4bb5-9707-6a2fd7b5343c
C066,https://erp.thinkh.at/document/share/87/c24139c9-4619-4ed6-8fcc-6d5cdb582677
C067,https://erp.thinkh.at/document/share/88/e6cbc1c0-8349-4fa7-82c9-67a9ae003359
C068,https://erp.thinkh.at/document/share/89/2918f0ad-efcd-48f1-b734-8ea18a1c9526
C069,https://erp.thinkh.at/document/share/90/6a3a8589-01a4-4955-bf3e-f6626bdf91db
C070,https://erp.thinkh.at/document/share/91/df239e9e-d893-4963-9e4d-2934d694762c
C071,https://erp.thinkh.at/document/share/92/9674ce9b-d64c-4866-9a91-3a85b89eb905
C072,https://erp.thinkh.at/document/share/93/d2cc4aed-33fd-411c-ae6b-265da307a693
C073,https://erp.thinkh.at/document/share/94/43ece6f0-6156-4ae5-9220-d46ced4817fb
C074,https://erp.thinkh.at/document/share/95/277c1ba3-9b25-4138-a486-a51270b45bce
C075,https://erp.thinkh.at/document/share/96/d8c8e09f-56d8-4630-b495-89d6c6063da8
C076,https://erp.thinkh.at/document/share/97/4562e806-3535-4c2a-81c6-faf7861b6689
C077,https://erp.thinkh.at/document/share/98/4e9a08f8-306a-4958-9340-886bf33b09ca
C078,https://erp.thinkh.at/document/share/99/dc627c10-e20d-4516-9c05-314da7f6020e
C079,https://erp.thinkh.at/document/share/100/6d994446-ebb5-4328-b237-3c7363c94489
C080,https://erp.thinkh.at/document/share/101/45bf6264-fb9b-48f3-8e84-e5207a5a81bf
C081,https://erp.thinkh.at/document/share/102/faee23f4-9d14-43c6-bf96-59baaacbc0b7
C082,https://erp.thinkh.at/document/share/103/9f759c72-b680-4818-b03c-58861958ca77
C083,https://erp.thinkh.at/document/share/104/a87eb4c3-2016-4f48-9084-3c29fecbbde9
C084,https://erp.thinkh.at/document/share/105/26c1d3ef-2a90-438d-bc8e-861e6a26a16a
C085,https://erp.thinkh.at/document/share/106/7230b659-76c7-4acd-96fb-60f8cd834d21
C086,https://erp.thinkh.at/document/share/107/f7d550a9-ad72-4dd7-980c-963e4f752e8c
C087,https://erp.thinkh.at/document/share/108/eebb2be0-7b78-42a4-b062-46a40bdb162f
C088,https://erp.thinkh.at/document/share/109/7a887577-80fa-4312-a45a-b1fe7c98514b
C089,https://erp.thinkh.at/document/share/110/f49ad192-e4f7-4fbf-b07b-63fd79c09856
C090,https://erp.thinkh.at/document/share/111/084798e7-38e1-4f38-8993-f93c442196da
C091,https://erp.thinkh.at/document/share/112/671a347f-7a33-4f95-82c4-5a2023877ca8
C092,https://erp.thinkh.at/document/share/113/0ab06d07-aab4-47ea-83d5-bda50ee15369
C093,https://erp.thinkh.at/document/share/114/aac79b0f-413b-4680-a503-31dd0ffee386
C094,https://erp.thinkh.at/document/share/115/9cdfb706-2a0a-451d-9c44-49e65f46da1f
C095,https://erp.thinkh.at/document/share/116/1d6d9ffe-b5f6-44b8-8532-530f1546814b
C096,https://erp.thinkh.at/document/share/117/a0f7b268-018c-4769-bf81-457a990827a0
C097,https://erp.thinkh.at/document/share/118/f628904f-4ce8-407f-b74d-29ac99104b2f
C098,https://erp.thinkh.at/document/share/119/43d9d066-92e7-4b0a-bf32-8889a065d2eb
C099,https://erp.thinkh.at/document/share/120/9428d271-be0f-478e-847d-cf0b30317990
C100,https://erp.thinkh.at/document/share/121/a962f5a8-c109-494a-b3ab-da9777db5c56
C101,https://erp.thinkh.at/document/share/123/2ae41cb5-55d0-4fe7-a4fd-9de2ad58396f
C102,https://erp.thinkh.at/document/share/124/075ff593-c8dd-4dcb-86f7-8331d4794fd1
C103,https://erp.thinkh.at/document/share/125/ce0196e0-afa2-4ee0-aacf-66b4a003e362
C104,https://erp.thinkh.at/document/share/126/d539d24b-db96-4105-82d7-a5c3380967d2
C105,https://erp.thinkh.at/document/share/127/cfb99521-c57f-4204-9d89-ad39480076f4
C106,https://erp.thinkh.at/document/share/128/cd034d47-451d-43f5-adf9-5c2a59557282
C107,https://erp.thinkh.at/document/share/129/bc843c30-bfc7-48f5-8890-34bbb0d94601
C108,https://erp.thinkh.at/document/share/130/f6cad530-9f39-4d7d-91aa-42f1e5607286
C109,https://erp.thinkh.at/document/share/131/6bc848a7-3e6f-4a50-a9d9-d7c84bc2c5ce
C110,https://erp.thinkh.at/document/share/132/98291820-408e-428e-aea1-ec9e036b38cf
C111,https://erp.thinkh.at/document/share/133/09bf3939-2fea-450a-bf80-504882e62025
C112,https://erp.thinkh.at/document/share/134/fed39061-747a-4ac8-b449-8d6b49e434b9
C113,https://erp.thinkh.at/document/share/135/11e5909e-f25f-4b98-a058-ac668d21a9f3
C114,https://erp.thinkh.at/document/share/136/6bc80ccf-c789-42d7-b732-02df42e28f0f
C115,https://erp.thinkh.at/document/share/137/c1f5f859-eae4-4a13-b730-4457a21ee7ed
C116,https://erp.thinkh.at/document/share/138/b0bcb67d-9d57-4efc-8103-5a97b28c9ca3
C117,https://erp.thinkh.at/document/share/139/2d78af91-f686-473c-b269-e2f07df7de3d
C118,https://erp.thinkh.at/document/share/140/48c814cb-a468-4a3c-8691-075c42843d7a
C119,https://erp.thinkh.at/document/share/141/e5f2cdef-b1f8-48f3-a59e-aed431e531be
C120,https://erp.thinkh.at/document/share/142/5075e207-0cbb-478c-b6ff-02cd354302b0
C121,https://erp.thinkh.at/document/share/143/ae73a5e0-3fa7-44e8-b2de-32ccdad95afe
C122,https://erp.thinkh.at/document/share/144/a597e2fd-b484-48a3-8ba3-b4fa96e065ea
C123,https://erp.thinkh.at/document/share/145/441b2462-2aaa-40a7-886b-21410b5feed1
C124,https://erp.thinkh.at/document/share/146/2eb71e93-6c5a-432f-9a32-b5294d35f2a7
C125,https://erp.thinkh.at/document/share/147/ebcfc3b1-5efd-48b3-b2c0-aea5564d1ea0
C126,https://erp.thinkh.at/document/share/148/c897136a-b3a3-44c3-8abd-b1a3005badf9
C127,https://erp.thinkh.at/document/share/149/204da7fa-6ae6-49d3-9eff-4267841a0b42
C128,https://erp.thinkh.at/document/share/150/19ec0c92-c781-43cb-ae45-92035916531a
C129,https://erp.thinkh.at/document/share/151/ca4d0f57-c546-4605-a209-8a53039620ca
C130,https://erp.thinkh.at/document/share/152/745b7751-f9f2-4821-bf3f-7d44cfbd84fa
C131,https://erp.thinkh.at/document/share/153/2e0b1861-27d8-4ccb-8c7c-9597cde11edb
C132,https://erp.thinkh.at/document/share/154/ff487d30-e3aa-498a-8f24-0d0086faa36d
C133,https://erp.thinkh.at/document/share/155/e3bfd15f-9309-449a-9a77-4456475e81c6
C134,https://erp.thinkh.at/document/share/156/4eb0748c-2ed2-45f1-91e1-8ce9905a7317
C135,https://erp.thinkh.at/document/share/157/e5c752a5-99b0-40bb-8c3f-1637ad3d9f3a
C136,https://erp.thinkh.at/document/share/158/7c9ad7a0-185d-48f7-9976-688278f49cfd
C137,https://erp.thinkh.at/document/share/159/3abf91f7-964b-4924-bfd2-d44bedf235b2
C138,https://erp.thinkh.at/document/share/160/6b8f5b7e-4ac0-47ed-87a2-f61d4e683a64
C139,https://erp.thinkh.at/document/share/161/e564bd44-e395-44bc-923d-e9653533082f
C140,https://erp.thinkh.at/document/share/162/bcac40e1-bb7c-4e70-a141-a4ef2082cc6c
C141,https://erp.thinkh.at/document/share/163/887f41e6-8a16-4170-9847-14d6d74b40a4
C142,https://erp.thinkh.at/document/share/164/1606ccac-7a8b-49b5-8eab-4c1642e7f7c3
C143,https://erp.thinkh.at/document/share/165/7294cb27-7cc5-4334-a75c-0ece272430a0
C144,https://erp.thinkh.at/document/share/166/da038d8a-62e7-4d6a-b6ea-7b21cbec25e9
C145,https://erp.thinkh.at/document/share/167/90f43844-33d3-4360-9f9b-93f7e5226809
C146,https://erp.thinkh.at/document/share/168/58f2c0ce-2d39-4faf-b542-c838e4da9ce9
C147,https://erp.thinkh.at/document/share/170/524bef7b-370b-46ae-acb8-de547b1c5eed
C148,https://erp.thinkh.at/document/share/171/2008d29c-2830-4e6a-bd30-4ca18c112264
C149,https://erp.thinkh.at/document/share/172/baaee481-7cc9-4a8f-ad63-cb1cd1fd72a3
C150,https://erp.thinkh.at/document/share/173/13ed9a85-7a5d-4a6c-9335-f07d39d544fd
C151,https://erp.thinkh.at/document/share/174/e892d84e-c55d-422a-a7fc-092d9bef36b0
C152,https://erp.thinkh.at/document/share/175/ccbe6f82-e34b-407e-87c8-20de0afc4f7f
C153,https://erp.thinkh.at/document/share/176/d0b0f65b-e011-4d0a-a989-773bf2d204b7
C154,https://erp.thinkh.at/document/share/177/6035e330-3c5f-43d8-b5b3-6849861e13d4
C155,https://erp.thinkh.at/document/share/178/2ee8ada0-1100-4512-88f3-035214b71b26
C156,https://erp.thinkh.at/document/share/179/6621c998-0e96-4188-b2c9-65db1d46c032
C157,https://erp.thinkh.at/document/share/180/34676a77-5b90-4584-9ee8-f553f4b64e75
C158,https://erp.thinkh.at/document/share/181/7cc1dfb9-d731-4c5e-bde4-0e44fb165511
C159,https://erp.thinkh.at/document/share/182/cd6a7c16-7df5-4d3c-8c86-cf3126a6742c
C160,https://erp.thinkh.at/document/share/183/64142740-4177-485e-be6c-c99f9fa7f238
C161,https://erp.thinkh.at/document/share/184/df36016f-d635-4ad3-beca-0a6f3a9213a6
C162,https://erp.thinkh.at/document/share/185/c25eac9a-91b9-417e-bb0a-114770a48d81
C163,https://erp.thinkh.at/document/share/186/9d7d2fdd-c181-486b-981e-88c3d0d9c73e
C164,https://erp.thinkh.at/document/share/187/92fe5f53-4d31-4b81-90de-ebf963e1f280
C165,https://erp.thinkh.at/document/share/188/03750535-1eda-4525-967a-27d69075b064
C166,https://erp.thinkh.at/document/share/189/ec048d54-3ad1-4cc4-9eed-1fb2e091d66f
C167,https://erp.thinkh.at/document/share/190/fa33d4f4-0563-40de-b4ac-4fcacfa13f31
C168,https://erp.thinkh.at/document/share/191/df9811e6-466c-40c0-be16-cb6cfd0b3224
C169,https://erp.thinkh.at/document/share/192/de4b3d0c-5828-486e-8200-9c431864354a
C170,https://erp.thinkh.at/document/share/193/61f3b81c-0120-469a-b7c0-de05c669b096
C171,https://erp.thinkh.at/document/share/194/82188f6d-d770-4eab-8951-49c651b9a7c3
C172,https://erp.thinkh.at/document/share/195/d27ed580-376e-4e8d-9ff1-4ad8319b18e1
C173,https://erp.thinkh.at/document/share/196/4ee2caaa-bb46-405f-8863-8bc806dfea69
C174,https://erp.thinkh.at/document/share/197/c683c4c8-fc9e-41d1-807b-7612b0fce4f5
C175,https://erp.thinkh.at/document/share/198/4a9f983d-cd23-4889-a988-26ec5e0a89b1
C176,https://erp.thinkh.at/document/share/199/60fdf053-de19-4673-9552-e21190086674
C177,https://erp.thinkh.at/document/share/200/2cfb0768-a03b-4d20-a529-e1da8126f353
C178,https://erp.thinkh.at/document/share/201/38b72440-4aef-4d0d-88d4-fcbffdf59007
C179,https://erp.thinkh.at/document/share/202/c926c364-3b95-4d1f-97a9-9a818e643e5c
C180,https://erp.thinkh.at/document/share/203/1ed8a070-2dd4-4ff1-a5b6-9da26a5da843
C181,https://erp.thinkh.at/document/share/204/558290b8-36ca-444f-892a-ffd1308c9a66
C182,https://erp.thinkh.at/document/share/205/87f050bc-e8a8-425b-99bb-b216dead33e3
C183,https://erp.thinkh.at/document/share/206/300146d2-303d-4cd0-9a37-7240ce1e8ec3
C184,https://erp.thinkh.at/document/share/207/f9c450f0-8ae8-4fb9-8f9d-f800836e73d5
C185,https://erp.thinkh.at/document/share/208/fa2c986b-e8b6-4bfa-bfb3-09eb4f5be14b
C186,https://erp.thinkh.at/document/share/209/edf6a631-4594-47cd-ade8-ea07a49538cd
C187,https://erp.thinkh.at/document/share/210/2e3ba3dc-0756-45e8-892c-f90d47bcb208
C188,https://erp.thinkh.at/document/share/211/9bf79f17-9993-4cf5-b2f0-3c6d5751435d
C189,https://erp.thinkh.at/document/share/212/3544ffb9-5418-4fc0-85ad-012de843807c
C190,https://erp.thinkh.at/document/share/213/d316a5de-a4bb-4dd6-aeb5-aeb583e54c74
C191,https://erp.thinkh.at/document/share/214/ab92e9f9-3b5e-4f89-bffe-ab626f5f6a7e
C192,https://erp.thinkh.at/document/share/215/abf20dc2-1625-4664-bd14-4b051d6def88
C193,https://erp.thinkh.at/document/share/216/840be032-695e-4eed-9fa5-e628d8e9f30f
C194,https://erp.thinkh.at/document/share/217/794100ba-1ded-47d7-8835-b277ec34c346
C195,https://erp.thinkh.at/document/share/218/035da609-127e-4bcc-a2d7-a43503d389fc
C196,https://erp.thinkh.at/document/share/219/b8073aa5-d680-4dd4-b6be-3d8650afb15a
C197,https://erp.thinkh.at/document/share/220/58df8cd6-a308-4bb3-9da0-08080bc8cd30
C198,https://erp.thinkh.at/document/share/221/d7699eb9-3d18-4778-a90e-3173419ead9e
C199,https://erp.thinkh.at/document/share/222/7426018a-1566-4109-aecc-c251d64c3a62
C200,https://erp.thinkh.at/document/share/223/4a020663-b893-4ae9-8cb2-e3f33561a5d6
C201,https://erp.thinkh.at/document/share/233/60dc2922-c9df-4c6a-8cd4-ee9696ecb06a
C202,https://erp.thinkh.at/document/share/234/3fa4dd34-caa0-4e1b-bf59-395dd1317629
C203,https://erp.thinkh.at/document/share/235/c655e192-716a-464d-b476-598a868936d4
C204,https://erp.thinkh.at/document/share/236/8050390c-6146-4b15-b23a-fc803a89b56b
C205,https://erp.thinkh.at/document/share/237/08e47df8-a606-47a0-8f34-33597868c3d7
C206,https://erp.thinkh.at/document/share/238/4063e103-cee6-40bb-81f7-f7d9561efc0c
C207,https://erp.thinkh.at/document/share/239/7bb658c8-befe-45bf-8756-05fbf6de6d8c
C208,https://erp.thinkh.at/document/share/240/273ccb26-422c-4061-aed7-5370fb89951e
C209,https://erp.thinkh.at/document/share/241/62b68865-695d-4b8a-a9e2-e07c11de0ecb
C210,https://erp.thinkh.at/document/share/242/9d8b751c-977b-4e3e-ba07-6dd23ce1283c
C211,https://erp.thinkh.at/document/share/243/3aa25984-6a2b-48ba-846e-3f6a84b3b52b
C212,https://erp.thinkh.at/document/share/244/679b83d6-9aeb-4a2e-84d8-6ba8d251a5b4
C213,https://erp.thinkh.at/document/share/245/28a0a20f-6aeb-4e50-9e3c-29db67b46b67
C214,https://erp.thinkh.at/document/share/246/a6c47c5e-2da4-4c93-bb99-e761bc64a6a3
C215,https://erp.thinkh.at/document/share/247/fe41cd64-fd06-408b-a399-bd79e3f6adfc
C216,https://erp.thinkh.at/document/share/248/eaae9191-7d11-4a51-ae66-c78ed77fdcd8
C217,https://erp.thinkh.at/document/share/249/b6354919-eaa1-422e-b0a0-1d56278c5b6e
C218,https://erp.thinkh.at/document/share/250/3db982de-ffcb-43ed-aa2f-1bbfff01275c
C219,https://erp.thinkh.at/document/share/251/3183e324-fbea-4b2f-aa45-de9d011b493a
C220,https://erp.thinkh.at/document/share/252/a34b7c38-8682-457b-b842-85c2c0508661
C221,https://erp.thinkh.at/document/share/253/d86319d1-d00b-4044-ba01-68a00cb78cc5
C222,https://erp.thinkh.at/document/share/254/873a112a-b091-4366-b492-edccc24fbc76
C223,https://erp.thinkh.at/document/share/255/653094c7-b3e0-4e30-923a-a01dd944b37e
C224,https://erp.thinkh.at/document/share/256/c0bf4b22-847d-409b-9c0d-75297b85e862
C225,https://erp.thinkh.at/document/share/257/9f343ae8-35e3-4010-80b1-0e164c38f3f6
C226,https://erp.thinkh.at/document/share/258/3365715b-2303-435e-8334-b43e8ee38848
C227,https://erp.thinkh.at/document/share/259/ca3633cf-4e18-452a-9f26-7d33174502a9
C228,https://erp.thinkh.at/document/share/260/5893e1c5-04c6-450d-8205-baab950897a9
C229,https://erp.thinkh.at/document/share/261/91b71a1c-b930-4c0b-9dbe-2b3842fb2d96
C230,https://erp.thinkh.at/document/share/262/b68ee586-5abc-4001-a48e-d2423a252770
C231,https://erp.thinkh.at/document/share/263/f7de7b42-94da-4acd-9059-b65eace5ad4b
C232,https://erp.thinkh.at/document/share/264/a54442e3-a2f7-41a0-99da-673bbb8b412a
C233,https://erp.thinkh.at/document/share/265/fee8fd7e-1fb1-4b63-9171-6e6ac0843ecc
C234,https://erp.thinkh.at/document/share/266/72490085-23b5-4782-a904-63417100b8c5
C235,https://erp.thinkh.at/document/share/267/c3a4a990-396d-4d5e-9cea-d47e0670aee1
C236,https://erp.thinkh.at/document/share/268/b622d665-4c14-4aab-9832-dca88ab4ec9d
C237,https://erp.thinkh.at/document/share/269/313e3ca5-afac-44e3-ae4d-bf502ad8ba31
C238,https://erp.thinkh.at/document/share/270/8d125624-3b62-49c6-90d7-1c93288c50e8
C239,https://erp.thinkh.at/document/share/271/249bf1df-91da-41d8-a91e-ca706e4a92e1
C240,https://erp.thinkh.at/document/share/272/5a1d46e7-98a7-4a30-ab89-6060e2d58b8f
C241,https://erp.thinkh.at/document/share/273/b5fbfc4d-774a-4b03-8d0e-bb3d9f2f9a9b
C242,https://erp.thinkh.at/document/share/274/5e20ed69-8065-46e2-a961-af8c3fc46414
C243,https://erp.thinkh.at/document/share/275/d95e66d1-f602-406d-859c-099728794a9a
C244,https://erp.thinkh.at/document/share/276/ac01527c-0286-432a-a193-3c2601ecc574
C245,https://erp.thinkh.at/document/share/277/d8fa07b5-5e79-4cd7-884e-8f83d0227546
C246,https://erp.thinkh.at/document/share/278/a009b3d8-f2dc-4863-94fe-2ccdacee8bf8
C247,https://erp.thinkh.at/document/share/279/b59dd5f1-6bc3-4a6b-b589-f0c0665e5a16
C248,https://erp.thinkh.at/document/share/280/9ab2dc90-f81f-4640-868c-bfc5f29fbb66
C249,https://erp.thinkh.at/document/share/281/e6badd58-a56e-4b34-ab5a-d404d395a655
C250,https://erp.thinkh.at/document/share/282/2beaa355-7dfa-4bf8-9f13-4a68135c9aa2
C251,https://erp.thinkh.at/document/share/283/5e25e3e5-d521-4a01-85f2-99aca4154d35
C252,https://erp.thinkh.at/document/share/284/5c231efa-b2b4-4661-820f-41bcb1b61063
C253,https://erp.thinkh.at/document/share/285/b5a616a0-84ad-4131-a92b-ed42b5475a42
C254,https://erp.thinkh.at/document/share/286/56f05e58-3710-4979-855d-939948016c76
C255,https://erp.thinkh.at/document/share/287/8f1ea245-9bb0-4a06-a302-92902086f8e6
C256,https://erp.thinkh.at/document/share/288/3feec692-4723-4da7-9af1-7f9342ef7ac4
C257,https://erp.thinkh.at/document/share/289/c0867290-de82-4ff1-a7e6-3a82fa4f0f81
C258,https://erp.thinkh.at/document/share/290/fc1a18b6-fccd-4c19-b119-18dcf1eb78e6
C259,https://erp.thinkh.at/document/share/291/fe946f68-962e-47e2-a30b-0054c65a7d9f
C260,https://erp.thinkh.at/document/share/292/f8134781-273b-4f89-830a-478c12d9f148
C261,https://erp.thinkh.at/document/share/293/9e5882eb-c777-49de-b6ed-eb1ba31314de
C262,https://erp.thinkh.at/document/share/294/21b76024-d556-4b10-859b-cde58b80fc0d
C263,https://erp.thinkh.at/document/share/295/97b31450-fce8-44e3-ac7a-cd3afc95be73
C264,https://erp.thinkh.at/document/share/296/0fdc214b-2097-4add-a98c-730a5895647c
C265,https://erp.thinkh.at/document/share/297/72838036-6f64-4f2d-8926-f471543fe469
C266,https://erp.thinkh.at/document/share/298/0a39518a-6290-4a40-a7e3-e46f6c5f4e57
C267,https://erp.thinkh.at/document/share/299/c9bbc366-4832-44fc-8c0e-5828cceeb165
C268,https://erp.thinkh.at/document/share/300/0d969ee8-1cbd-4650-bb89-def2520b3b42
C269,https://erp.thinkh.at/document/share/301/c4b9d38a-c113-4220-ab8c-e6a53e35324f
C270,https://erp.thinkh.at/document/share/302/0618fb19-2d3f-4241-a06d-907ead19f780
C271,https://erp.thinkh.at/document/share/303/38454c9c-2a10-4fb6-adb8-770ac7c6ea43
C272,https://erp.thinkh.at/document/share/304/9213754e-cfb7-414c-bb07-2e56dd6ed479
C273,https://erp.thinkh.at/document/share/305/7207cb1e-9310-4f1f-b5d8-44c1856f2764
C274,https://erp.thinkh.at/document/share/306/c69887ba-8e52-4324-9c8d-6a6453c0422a
C275,https://erp.thinkh.at/document/share/307/36b32c94-cc1e-40dc-94cf-19d6b38b4fe1
C276,https://erp.thinkh.at/document/share/308/1b01fbe9-fbb5-4bb8-8063-e1f522f717ad
C277,https://erp.thinkh.at/document/share/309/541e9015-629e-41ac-a515-7c4848b2aae0
C278,https://erp.thinkh.at/document/share/310/bf2e60fe-5cea-46d6-91a9-11c6e9d8c1d3
C279,https://erp.thinkh.at/document/share/311/6fd0a868-efc1-429d-b2e1-5da246588b51
C280,https://erp.thinkh.at/document/share/313/5b30cadd-4fa0-4973-937b-e9745d846593
C281,https://erp.thinkh.at/document/share/314/1352aed0-bd13-45f2-8bec-3e4be04bc4c5
C282,https://erp.thinkh.at/document/share/315/baf18ce2-eaf2-4c2f-9de0-3b92b64c26e0
C283,https://erp.thinkh.at/document/share/316/d5c13478-57b6-4904-b3b9-7d50497cb5c1
C284,https://erp.thinkh.at/document/share/317/3c5257d8-6dd1-4d56-86dd-47d60991a94d
C285,https://erp.thinkh.at/document/share/318/9ff06deb-416b-48a7-ba69-0febf7a1f464
C286,https://erp.thinkh.at/document/share/319/14b505bf-86ac-4b40-a365-95b9c5c6b5bb
C287,https://erp.thinkh.at/document/share/320/e834feb2-f8ad-43f4-a403-e0702ebd5062
C288,https://erp.thinkh.at/document/share/321/19368db4-904e-40eb-b8a0-17f9808bd3f9
C289,https://erp.thinkh.at/document/share/322/207201dd-520b-4a16-89aa-d23cf7e15d64
C290,https://erp.thinkh.at/document/share/323/76b3d80e-4c70-4e8f-96e4-0e35bd0d75eb
C291,https://erp.thinkh.at/document/share/324/c8637a2c-b1c1-4615-8f98-b58e562cba26
C292,https://erp.thinkh.at/document/share/325/e8d5ed6f-3ecc-4d90-a49e-3e0262fe70bd
C293,https://erp.thinkh.at/document/share/326/e6777004-61db-4011-bf8d-662f26270dcc
C294,https://erp.thinkh.at/document/share/327/b44f249d-785c-4631-b6fc-784f43b9529d
C295,https://erp.thinkh.at/document/share/328/df8d7020-a980-4eda-bdcd-7131cd819748
C296,https://erp.thinkh.at/document/share/329/1b00b254-e156-4dee-9886-be3b8b8bf84f
C297,https://erp.thinkh.at/document/share/330/3a439812-cbb7-4714-88a9-593eca3a8c6c
C298,https://erp.thinkh.at/document/share/331/ad968d9a-8167-4be8-a4ed-cbbe34826d56
C299,https://erp.thinkh.at/document/share/332/f1106d5e-061d-46a6-acc4-049953e9b740
C300,https://erp.thinkh.at/document/share/333/21ec5400-d5b1-4249-9e2f-25e33d0612cb